show_id,type,title,director,cast,country,date_added,release_year,rating,duration,listed_in,description
s1,Movie,Dick Johnson Is Dead,Kirsten Johnson,,United States,"September 25, 2021",2020,PG-13,90 min,Documentaries,As a daughter nears a milestone she stages her father's death.
s2,TV Show,Blood & Water,,Ama Qamata,South Africa,"September 24, 2021",2021,TV-MA,2 Seasons,"International TV Shows, TV Dramas","After crossing paths at a party, a Cape Town teen sets out to prove whether a private-school swimming star is her sister who was abducted at birth."
s3,TV Show,Ganglands,Julien Leclercq,"Sami Bouajila, Tracy Gotoas",,September 24, 2021,2021,TV-MA,1 Season,"Crime TV Shows, International TV Shows, TV Action & Adventure","To protect his family from a powerful drug lord, skilled thief Mehdi and his expert team of robbers are pulled into a violent and deadly turf war."
s4,TV Show,Jailbirds New Orleans,,,,"September 24, 2021",2021,TV-MA,1 Season,"Docuseries, Reality TV",Feuds and flirtations abound among the incarcerated women of the Orleans Justice Center in New Orleans.
s5,TV Show,Kota Factory,,Mayur More,India,"September 24, 2021",2021,TV-MA,2 Seasons,"International TV Shows, Romantic TV Shows, TV Comedies","In a city of coaching centers known to train India’s finest collegiate minds, an earnest but ordinary student navigates campus life."
s6,TV Show,Midnight Mass,Mike Flanagan,"Kate Siegel, Zach Gilford",United States,"September 24, 2021",2021,TV-MA,1 Season,"TV Dramas, TV Horror, TV Mysteries","The arrival of a charismatic young priest brings glorious miracles, ominous mysteries and renewed religious fervor to a dying town desperate to believe."
s7,Movie,My Little Pony: A New Generation,"Robert Cullen, José Luis Ucha","Vanessa Hudgens, Kimiko Glenn",,"September 24, 2021",2021,PG,91 min,"Children & Family Movies","Equestria's divided. But a bright-eyed hero believes Earth Ponies, Pegasi and Unicorns should be friends — and, hoof to heart, she’s determined to prove it."
s8,Movie,Sankofa,Haile Gerima,"Kofi Ghanaba, Oyafunmike Ogunlano","United States, Ghana",September 24, 2021,1993,TV-MA,125 min,"Dramas, Independent Movies, International Movies","On a photo shoot in Ghana, an enslaved woman journeys back in time and experiences the horrors of slavery and the power of spiritual rebirth."
s9,Movie,The Starling,Theodore Melfi,"Melissa McCarthy, Chris O'Dowd",United States,"September 24, 2021",2021,PG-13,104 min,"Comedies, Dramas","A woman adjusting to life after a loss battles a cheeky bird that has taken over her garden — and a husband who's struggling to find a way forward."
